[
  {
    "id": 0,
    "question": " In which sector of activity is your company active? (linked with your APE code)",
    "topic": "Your compagny",
    "subtopic": "",
    "type": 1,
    "choices": [
      {
        "id": 0,
        "text": "Industry",
        "hasTextField": false
      },
      {
        "id": 1,
        "text": "Business",
        "hasTextField": false
      },
      {
        "id": 2,
        "text": "Information and communication",
        "hasTextField": false
      },
      {
        "id": 3,
        "text": "Other services activity",
        "hasTextField": false
      },
      {
        "id": 4,
        "text": "All other activities (financial, agricultural activities ...)",
        "hasTextField": false
      },
      {
        "id": 5,
        "text": "Construction ",
        "hasTextField": false
      },
      {
        "id": 6,
        "text": "Public sector ",
        "hasTextField": false
      },
      {
        "id": 7,
        "text": "Specialized, Scientific and Technical or Administrative and Support Services Activities",
        "hasTextField": false
      },
      {
        "id": 8,
        "text": "Real estate",
        "hasTextField": false
      }
    ],
    "subquestions": []
  },
  {
    "id": 1,
    "question": " What is the number of employees in your company on 18/12/31 ?",
    "topic": "Your compagny",
    "subtopic": "",
    "type": 1,
    "choices": [
      {
        "id": 0,
        "text": "0",
        "hasTextField": false
      },
      {
        "id": 1,
        "text": "1 to 2",
        "hasTextField": false
      },
      {
        "id": 2,
        "text": "3 to 9",
        "hasTextField": false
      },
      {
        "id": 3,
        "text": "10 to 49",
        "hasTextField": false
      },
      {
        "id": 4,
        "text": "50 to 249",
        "hasTextField": false
      },
      {
        "id": 5,
        "text": "250 to 4999",
        "hasTextField": false
      },
      {
        "id": 6,
        "text": "More than 5000",
        "hasTextField": false
      }
    ],
    "subquestions": []
  },
  {
    "id": 2,
    "question": " What is the turnover of your company in the last fiscal year? (or annual budget for Public sector)",
    "topic": "Your compagny",
    "subtopic": "",
    "type": 1,
    "choices": [
      {
        "id": 0,
        "text": "0 to 100K \u20ac",
        "hasTextField": false
      },
      {
        "id": 1,
        "text": "100 to 500 K\u20ac",
        "hasTextField": false
      },
      {
        "id": 2,
        "text": "500 to 2 M \u20ac",
        "hasTextField": false
      },
      {
        "id": 3,
        "text": "2 to 10 M\u20ac",
        "hasTextField": false
      },
      {
        "id": 4,
        "text": "10 to 50 M\u20ac",
        "hasTextField": false
      },
      {
        "id": 5,
        "text": "More than 50 M\u20ac",
        "hasTextField": false
      }
    ],
    "subquestions": []
  },
  {
    "id": 3,
    "question": " Do you develop digital services for internal or external use (sales to customers)?",
    "topic": "Your compagny",
    "subtopic": "",
    "type": 1,
    "choices": [
      {
        "id": 0,
        "text": "Yes",
        "hasTextField": false
      },
      {
        "id": 1,
        "text": "No",
        "hasTextField": false
      }
    ],
    "subquestions": []
  },
  {
    "id": 4,
    "question": " What is the number of users of your digital services?",
    "topic": "Your compagny",
    "subtopic": "",
    "type": 4,
    "choices": [],
    "subquestions": []
  },
  {
    "id": 5,
    "question": "Ecoconception good practices",
    "topic": "Your compagny",
    "subtopic": "",
    "type": 1,
    "choices": [],
    "subquestions": [
      {
        "id": 6,
        "question": " Do you apply the rules and best practices for digital accessibility?",
        "topic": "Your compagny",
        "subtopic": "",
        "type": 1,
        "choices": [
          {
            "id": 0,
            "text": "Yes",
            "hasTextField": false
          },
          {
            "id": 1,
            "text": "No",
            "hasTextField": false
          },
          {
            "id": 2,
            "text": "I don't know",
            "hasTextField": false
          }
        ],
        "subquestions": []
      },
      {
        "id": 7,
        "question": " Have you optimized the states and printouts in your application tools (reduced number of pages when printing, ink consumption ",
        "topic": "Your compagny",
        "subtopic": "",
        "type": 1,
        "choices": [
          {
            "id": 0,
            "text": "Yes",
            "hasTextField": false
          },
          {
            "id": 1,
            "text": "No",
            "hasTextField": false
          },
          {
            "id": 2,
            "text": "I don't know",
            "hasTextField": false
          }
        ],
        "subquestions": []
      },
      {
        "id": 8,
        "question": " Do you integrate the principles of the ecodesign of digital services?",
        "topic": "Your compagny",
        "subtopic": "",
        "type": 1,
        "choices": [
          {
            "id": 0,
            "text": "Yes",
            "hasTextField": false
          },
          {
            "id": 1,
            "text": "No",
            "hasTextField": false
          },
          {
            "id": 2,
            "text": "I don't know",
            "hasTextField": false
          }
        ],
        "subquestions": []
      },
      {
        "id": 9,
        "question": " Do you use a modular application architecture?",
        "topic": "Your compagny",
        "subtopic": "",
        "type": 1,
        "choices": [
          {
            "id": 0,
            "text": "Yes",
            "hasTextField": false
          },
          {
            "id": 1,
            "text": "No",
            "hasTextField": false
          },
          {
            "id": 2,
            "text": "I don't know",
            "hasTextField": false
          }
        ],
        "subquestions": []
      },
      {
        "id":10,
        "question": " Do you do a design review at the end of your application's development?",
        "topic": "Your compagny",
        "subtopic": "",
        "type": 1,
        "choices": [
          {
            "id": 0,
            "text": "Yes",
            "hasTextField": false
          },
          {
            "id": 1,
            "text": "No",
            "hasTextField": false
          },
          {
            "id": 2,
            "text": "I don't know",
            "hasTextField": false
          }
        ],
        "subquestions": []
      }
    ]
  },
  {
    "id": 11,
    "question": " What is the overall storage volume of your corporate data (centralized on external hard drives, centralized server, NAS, SAN ",
    "topic": "Infrastructures",
    "subtopic": "Information system",
    "type": 3,
    "choices": [
      {
        "id": 0,
        "text": "I don't know",
        "hasTextField": false
      },
      {
        "id": 1,
        "text": "I do not want to answer",
        "hasTextField": false
      },
      {
        "id": 2,
        "text": "x TB ",
        "hasTextField": true
      }
    ],
    "subquestions": []
  },
  {
    "id": 12,
    "question": " Do you have a server or do you only work with one or more workstations?",
    "topic": "Infrastructures",
    "subtopic": "Information system",
    "type": 1,
    "choices": [
      {
        "id": 0,
        "text": "We work with workstation (s), without centralized physical server",
        "hasTextField": false
      },
      {
        "id": 1,
        "text": "We have (at least) a centralized physical server",
        "hasTextField": false
      }
    ],
    "subquestions": []
  },
  {
    "id": 13,
    "question": " Do you have a dedicated room, simple room or cupboard with bay dedicated to your IT infrastructure?",
    "topic": "Infrastructures",
    "subtopic": "Information system",
    "type": 1,
    "choices": [
      {
        "id": 0,
        "text": "A closet or a room without any specific system",
        "hasTextField": false
      },
      {
        "id": 1,
        "text": "A dedicated room",
        "hasTextField": false
      }
    ],
    "subquestions": []
  },
  {
    "id": 14,
    "question": " Is your computer room in house or at a host?",
    "topic": "Infrastructures",
    "subtopic": "Server / Computer room",
    "type": 1,
    "choices": [
      {
        "id": 0,
        "text": "Internal",
        "hasTextField": false
      },
      {
        "id": 1,
        "text": "Host Member of the European Code of Conduct for Datacenters",
        "hasTextField": false
      },
      {
        "id": 2,
        "text": "Non-adhering Host of the European Code of Conduct for Data Centers",
        "hasTextField": false
      }
    ],
    "subquestions": []
  },
  {
    "id": 15,
    "question": " What is the total area of your computer rooms (excluding technical infrastructure *)? (in m2)",
    "topic": "Infrastructures",
    "subtopic": "Server / Computer room",
    "type": 3,
    "choices": [
      {
        "id": 0,
        "text": "X m2 ",
        "hasTextField": true
      },
      {
        "id": 1,
        "text": "I don't know",
        "hasTextField": false
      },
      {
        "id": 2,
        "text": "I do not want to answer",
        "hasTextField": false
      }
    ],
    "subquestions": []
  },
  {
    "id": 16,
    "question": " Do you know the PUE * of your Data Center?",
    "topic": "Infrastructures",
    "subtopic": "Server / Computer room",
    "type": 1,
    "choices": [
      {
        "id": 0,
        "text": "*PUE : Power Usage Effectiveness",
        "hasTextField": false
      },
      {
        "id": 1,
        "text": "Less than 1,6 ",
        "hasTextField": false
      },
      {
        "id": 2,
        "text": "Between 1,6 and 2,1 ",
        "hasTextField": false
      },
      {
        "id": 3,
        "text": "More than 2,1 ",
        "hasTextField": false
      },
      {
        "id": 4,
        "text": "I don't know",
        "hasTextField": false
      }
    ],
    "subquestions": []
  },
  {
    "id": 17,
    "question": " What is the rate of charge or energy use of your computer rooms?",
    "topic": "Infrastructures",
    "subtopic": "Server / Computer room",
    "type": 1,
    "choices": [
      {
        "id": 0,
        "text": "Rate = Electrical power absorbed by your IT equipment, divided by room capacity in kW, then multiplied by 100 (used energy / available energy)",
        "hasTextField": false
      },
      {
        "id": 1,
        "text": "100% - 90% ",
        "hasTextField": false
      },
      {
        "id": 2,
        "text": "90% - 60% ",
        "hasTextField": false
      },
      {
        "id": 3,
        "text": "Less than 60% ",
        "hasTextField": false
      },
      {
        "id": 4,
        "text": "I don't know",
        "hasTextField": false
      }
    ],
    "subquestions": []
  },
  {
    "id": 18,
    "question": " Have you led or are you planning actions to optimize your infrastructure? Especially :",
    "topic": "Infrastructures",
    "subtopic": "Server / Computer room",
    "type": 1,
    "choices": [],
    "subquestions": [
      {
        "id": 19,
        "question": " The purchase of non-IT equipment from IT rooms (air conditioning, air treatment, inverters, etc",
        "topic": "Infrastructures",
        "subtopic": "Server / Computer room",
        "type": 1,
        "choices": [
          {
            "id": 0,
            "text": "Yes",
            "hasTextField": false
          },
          {
            "id": 1,
            "text": "No",
            "hasTextField": false
          },
          {
            "id": 2,
            "text": "I don't know",
            "hasTextField": false
          }
        ],
        "subquestions": []
      },
      {
        "id": 20,
        "question": " Implementing the good practices of the \"European Code of Conduct for DataCenter\"?",
        "topic": "Infrastructures",
        "subtopic": "Server / Computer room",
        "type": 1,
        "choices": [
          {
            "id": 0,
            "text": "Yes",
            "hasTextField": false
          },
          {
            "id": 1,
            "text": "No",
            "hasTextField": false
          },
          {
            "id": 2,
            "text": "I don't know",
            "hasTextField": false
          }
        ],
        "subquestions": []
      },
      {
        "id": 21,
        "question": " Data center PUE tracking",
        "topic": "Infrastructures",
        "subtopic": "Server / Computer room",
        "type": 1,
        "choices": [
          {
            "id": 0,
            "text": "Yes",
            "hasTextField": false
          },
          {
            "id": 1,
            "text": "No",
            "hasTextField": false
          },
          {
            "id": 2,
            "text": "I don't know",
            "hasTextField": false
          }
        ],
        "subquestions": []
      },
      {
        "id": 22,
        "question": " Regular monitoring of environmental indicators of computer rooms",
        "topic": "Infrastructures",
        "subtopic": "Server / Computer room",
        "type": 1,
        "choices": [
          {
            "id": 0,
            "text": "Yes",
            "hasTextField": false
          },
          {
            "id": 1,
            "text": "No",
            "hasTextField": false
          },
          {
            "id": 2,
            "text": "I don't know",
            "hasTextField": false
          }
        ],
        "subquestions": []
      },
      {
        "id": 23,
        "question": " Environmental impact analysis of the datacenter in life cycle approach",
        "topic": "Infrastructures",
        "subtopic": "Server / Computer room",
        "type": 1,
        "choices": [
          {
            "id": 0,
            "text": "Yes",
            "hasTextField": false
          },
          {
            "id": 1,
            "text": "No",
            "hasTextField": false
          },
          {
            "id": 2,
            "text": "I don't know",
            "hasTextField": false
          }
        ],
        "subquestions": []
      },
      {
        "id": 24,
        "question": " Optimizing the architecture and layout of rooms",
        "topic": "Infrastructures",
        "subtopic": "Server / Computer room",
        "type": 1,
        "choices": [
          {
            "id": 0,
            "text": "Yes",
            "hasTextField": false
          },
          {
            "id": 1,
            "text": "No",
            "hasTextField": false
          },
          {
            "id": 2,
            "text": "I don't know",
            "hasTextField": false
          }
        ],
        "subquestions": []
      },
      {
        "id": 25,
        "question": " The urbanization of halls in hot / cold aisles",
        "topic": "Infrastructures",
        "subtopic": "Server / Computer room",
        "type": 1,
        "choices": [
          {
            "id": 0,
            "text": "Yes",
            "hasTextField": false
          },
          {
            "id": 1,
            "text": "No",
            "hasTextField": false
          },
          {
            "id": 2,
            "text": "I don't know",
            "hasTextField": false
          }
        ],
        "subquestions": []
      },
      {
        "id": 26,
        "question": " Containment of air flows (corridors)",
        "topic": "Infrastructures",
        "subtopic": "Server / Computer room",
        "type": 1,
        "choices": [
          {
            "id": 0,
            "text": "Yes",
            "hasTextField": false
          },
          {
            "id": 1,
            "text": "No",
            "hasTextField": false
          },
          {
            "id": 2,
            "text": "I don't know",
            "hasTextField": false
          }
        ],
        "subquestions": []
      },
      {
        "id": 27,
        "question": " The use of natural cooling sources (freecooling)",
        "topic": "Infrastructures",
        "subtopic": "Server / Computer room",
        "type": 1,
        "choices": [
          {
            "id": 0,
            "text": "Yes",
            "hasTextField": false
          },
          {
            "id": 1,
            "text": "No",
            "hasTextField": false
          },
          {
            "id": 2,
            "text": "I don't know",
            "hasTextField": false
          }
        ],
        "subquestions": []
      },
      {
        "id": 28,
        "question": " Implementation of a heat recovery system for computer rooms (heating)",
        "topic": "Infrastructures",
        "subtopic": "Server / Computer room",
        "type": 1,
        "choices": [
          {
            "id": 0,
            "text": "Yes",
            "hasTextField": false
          },
          {
            "id": 1,
            "text": "No",
            "hasTextField": false
          },
          {
            "id": 2,
            "text": "I don't know",
            "hasTextField": false
          }
        ],
        "subquestions": []
      },
      {
        "id": 29,
        "question": " The set temperature in the cold corridor remains higher than 24 \u00b0",
        "topic": "Infrastructures",
        "subtopic": "Server / Computer room",
        "type": 1,
        "choices": [
          {
            "id": 0,
            "text": "Yes",
            "hasTextField": false
          },
          {
            "id": 1,
            "text": "No",
            "hasTextField": false
          },
          {
            "id": 2,
            "text": "I don't know",
            "hasTextField": false
          }
        ],
        "subquestions": []
      },
      {
        "id": 30,
        "question": " The choice of a modular datacenter architecture",
        "topic": "Infrastructures",
        "subtopic": "Server / Computer room",
        "type": 1,
        "choices": [
          {
            "id": 0,
            "text": "Yes",
            "hasTextField": false
          },
          {
            "id": 1,
            "text": "No",
            "hasTextField": false
          },
          {
            "id": 2,
            "text": "I don't know",
            "hasTextField": false
          }
        ],
        "subquestions": []
      }
    ]
  },
  {
    "id": 31,
    "question": " Have you led or are you planning actions to optimize your infrastructure? Especially :",
    "topic": "Infrastructures",
    "subtopic": "Server / A cupboard or a dedicated room",
    "type": 1,
    "choices": [],
    "subquestions": [
      {
        "id": 32,
        "question": " Suspending network equipment",
        "topic": "Infrastructures",
        "subtopic": "Server / A cupboard or a dedicated room",
        "type": 1,
        "choices": [
          {
            "id": 0,
            "text": "Yes",
            "hasTextField": false
          },
          {
            "id": 1,
            "text": "No",
            "hasTextField": false
          },
          {
            "id": 2,
            "text": "I don't know",
            "hasTextField": false
          }
        ],
        "subquestions": []
      },
      {
        "id": 33,
        "question": " Pooling physical equipment",
        "topic": "Infrastructures",
        "subtopic": "Server / A cupboard or a dedicated room",
        "type": 1,
        "choices": [
          {
            "id": 0,
            "text": "Yes",
            "hasTextField": false
          },
          {
            "id": 1,
            "text": "No",
            "hasTextField": false
          },
          {
            "id": 2,
            "text": "I don't know",
            "hasTextField": false
          }
        ],
        "subquestions": []
      },
      {
        "id": 34,
        "question": " Uninstalling unnecessary infrastructure",
        "topic": "Infrastructures",
        "subtopic": "Server / A cupboard or a dedicated room",
        "type": 1,
        "choices": [
          {
            "id": 0,
            "text": "Yes",
            "hasTextField": false
          },
          {
            "id": 1,
            "text": "No",
            "hasTextField": false
          },
          {
            "id": 2,
            "text": "I don't know",
            "hasTextField": false
          }
        ],
        "subquestions": []
      },
      {
        "id": 35,
        "question": " Traceability of material elements (CMDB)",
        "topic": "Infrastructures",
        "subtopic": "Server / A cupboard or a dedicated room",
        "type": 1,
        "choices": [
          {
            "id": 0,
            "text": "Yes",
            "hasTextField": false
          },
          {
            "id": 1,
            "text": "No",
            "hasTextField": false
          },
          {
            "id": 2,
            "text": "I don't know",
            "hasTextField": false
          }
        ],
        "subquestions": []
      },
      {
        "id": 36,
        "question": " The correct sizing of the servers in relation to their use",
        "topic": "Infrastructures",
        "subtopic": "Server / A cupboard or a dedicated room",
        "type": 1,
        "choices": [
          {
            "id": 0,
            "text": "Yes",
            "hasTextField": false
          },
          {
            "id": 1,
            "text": "No",
            "hasTextField": false
          },
          {
            "id": 2,
            "text": "I don't know",
            "hasTextField": false
          }
        ],
        "subquestions": []
      },
      {
        "id": 37,
        "question": " Give priority to ASHRAE 2 compatible equipment",
        "topic": "Infrastructures",
        "subtopic": "Server / A cupboard or a dedicated room",
        "type": 1,
        "choices": [
          {
            "id": 0,
            "text": "Yes",
            "hasTextField": false
          },
          {
            "id": 1,
            "text": "No",
            "hasTextField": false
          },
          {
            "id": 2,
            "text": "I don't know",
            "hasTextField": false
          }
        ],
        "subquestions": []
      },
      {
        "id": 38,
        "question": " A procedure for provisioning and de-provisioning data-processing equipment in datacenters",
        "topic": "Infrastructures",
        "subtopic": "Server / A cupboard or a dedicated room",
        "type": 1,
        "choices": [
          {
            "id": 0,
            "text": "Yes",
            "hasTextField": false
          },
          {
            "id": 1,
            "text": "No",
            "hasTextField": false
          },
          {
            "id": 2,
            "text": "I don't know",
            "hasTextField": false
          }
        ],
        "subquestions": []
      }
    ]
  },
  {
    "id": 39,
    "question": " Do you know the number of physical servers and virtual servers in your company?",
    "topic": "Infrastructures",
    "subtopic": "Server / A cupboard or a dedicated room",
    "type": 1,
    "choices": [
      {
        "id": 0,
        "text": "No ",
        "hasTextField": false
      },
      {
        "id": 1,
        "text": "I do not want to answer",
        "hasTextField": false
      },
      {
        "id": 2,
        "text": "Yes",
        "hasTextField": false
      }
    ],
    "subquestions": []
  },
  {
    "id": 40,
    "question": " How many physical servers do you have?",
    "topic": "Infrastructures",
    "subtopic": "Server / A cupboard or a dedicated room",
    "type": 4,
    "choices": [
      {
        "id": 0,
        "text": "",
        "hasTextField": true
      }
    ],
    "subquestions": []
  },
  {
    "id": 41,
    "question": " How many virtual servers do you have?",
    "topic": "Infrastructures",
    "subtopic": "Server / A cupboard or a dedicated room",
    "type": 4,
    "choices": [
      {
        "id": 0,
        "text": "",
        "hasTextField": true
      }
    ],
    "subquestions": []
  },
  {
    "id": 42,
    "question": " What will be the evolution of your number of physical servers for 2019? (in% or quantity)",
    "topic": "Infrastructures",
    "subtopic": "Server / A cupboard or a dedicated room",
    "type": 3,
    "choices": [
      {
        "id": 0,
        "text": "In % ",
        "hasTextField": true
      },
      {
        "id": 1,
        "text": "In quantity ",
        "hasTextField": true
      },
      {
        "id": 2,
        "text": "I do not want to answer",
        "hasTextField": false
      },
      {
        "id": 3,
        "text": "I don't know",
        "hasTextField": false
      }
    ],
    "subquestions": []
  },
  {
    "id": 43,
    "question": " What will be the evolution of your number of virtual servers for 2019? (in% or quantity)",
    "topic": "Infrastructures",
    "subtopic": "Server / A cupboard or a dedicated room",
    "type": 3,
    "choices": [
      {
        "id": 0,
        "text": "In % ",
        "hasTextField": true
      },
      {
        "id": 1,
        "text": "In quantity ",
        "hasTextField": true
      },
      {
        "id": 2,
        "text": "I do not want to answer",
        "hasTextField": false
      },
      {
        "id": 3,
        "text": "I don't know",
        "hasTextField": false
      }
    ],
    "subquestions": []
  },
  {
    "id": 44,
    "question": " Has your company appointed a Green IT Manager / Digital Manager?",
    "topic": "Management",
    "subtopic": "",
    "type": 1,
    "choices": [
      {
        "id": 0,
        "text": "Yes",
        "hasTextField": false
      },
      {
        "id": 1,
        "text": "No ",
        "hasTextField": false
      },
      {
        "id": 2,
        "text": "I don't know",
        "hasTextField": false
      }
    ],
    "subquestions": []
  },
  {
    "id": 45,
    "question": " Do you have a responsible digital strategy broken down into an action plan?",
    "topic": "Management",
    "subtopic": "",
    "type": 1,
    "choices": [
      {
        "id": 0,
        "text": "Yes",
        "hasTextField": false
      },
      {
        "id": 1,
        "text": "No ",
        "hasTextField": false
      },
      {
        "id": 2,
        "text": "I don't know",
        "hasTextField": false
      }
    ],
    "subquestions": []
  },
  {
    "id": 46,
    "question": " Is Green IT a topic integrated into your CSR strategy?",
    "topic": "Management",
    "subtopic": "",
    "type": 1,
    "choices": [
      {
        "id": 0,
        "text": "Yes",
        "hasTextField": false
      },
      {
        "id": 1,
        "text": "No ",
        "hasTextField": false
      },
      {
        "id": 2,
        "text": "I don't know",
        "hasTextField": false
      }
    ],
    "subquestions": []
  },
  {
    "id": 47,
    "question": " Do you regularly evaluate the environmental impacts of your information system?",
    "topic": "Management",
    "subtopic": "",
    "type": 1,
    "choices": [
      {
        "id": 0,
        "text": "Yes partially, including only equipment present in the company",
        "hasTextField": false
      },
      {
        "id": 1,
        "text": "Yes totally, including our internal equipment and services hosted by third parties",
        "hasTextField": false
      },
      {
        "id": 2,
        "text": "No",
        "hasTextField": false
      },
      {
        "id": 3,
        "text": "I do not know",
        "hasTextField": false
      }
    ],
    "subquestions": []
  },
  {
    "id": 48,
    "question": " Do you have a team of competent referees on the topics of Green IT?",
    "topic": "Management",
    "subtopic": "",
    "type": 1,
    "choices": [
      {
        "id": 0,
        "text": "Yes",
        "hasTextField": false
      },
      {
        "id": 1,
        "text": "No ",
        "hasTextField": false
      },
      {
        "id": 2,
        "text": "I don't know",
        "hasTextField": false
      }
    ],
    "subquestions": []
  },
  {
    "id": 49,
    "question": " Have you integrated Green IT into your business strategy",
    "topic": "Management",
    "subtopic": "",
    "type": 1,
    "choices": [
      {
        "id": 0,
        "text": "Yes",
        "hasTextField": false
      },
      {
        "id": 1,
        "text": "No ",
        "hasTextField": false
      },
      {
        "id": 2,
        "text": "I don't know",
        "hasTextField": false
      }
    ],
    "subquestions": []
  },
  {
    "id": 50,
    "question": " Do you have those equipments in your compagny:",
    "topic": "Infrastructure",
    "subtopic": "Workstation",
    "type": 2,
    "choices": [],
    "subquestions": [
      {
        "id": 51,
        "question": "Used: equipment used in the business activity",
        "topic": "Infrastructure",
        "subtopic": "Workstation",
        "type": 2,
        "choices": [
          {
            "id": 0,
            "text": "Used",
            "hasTextField": false
          },
          {
            "id": 1,
            "text": "Not used functional",
            "hasTextField": false
          },
          {
            "id": 2,
            "text": "Neither used nor functional",
            "hasTextField": false
          }
        ],
        "subquestions": []
      },
      {
        "id": 52,
        "question": "Not used functional: equipment in working order but no more used by the company (stored)",
        "topic": "Infrastructure",
        "subtopic": "Workstation",
        "type": 2,
        "choices": [
          {
            "id": 0,
            "text": "Used",
            "hasTextField": false
          },
          {
            "id": 1,
            "text": "Not used functional",
            "hasTextField": false
          },
          {
            "id": 2,
            "text": "Neither used nor functional",
            "hasTextField": false
          }
        ],
        "subquestions": []
      },
      {
        "id": 53,
        "question": "Neither used nor functional: out of service equipment (HS) waiting for end of life treatment",
        "topic": "Infrastructure",
        "subtopic": "Workstation",
        "type": 2,
        "choices": [
          {
            "id": 0,
            "text": "Used",
            "hasTextField": false
          },
          {
            "id": 1,
            "text": "Not used functional",
            "hasTextField": false
          },
          {
            "id": 2,
            "text": "Neither used nor functional",
            "hasTextField": false
          }
        ],
        "subquestions": []
      },
      {
        "id": 54,
        "question": " Fixed stations, workstations",
        "topic": "Infrastructure",
        "subtopic": "Workstation",
        "type": 2,
        "choices": [
          {
            "id": 0,
            "text": "Used",
            "hasTextField": false
          },
          {
            "id": 1,
            "text": "Not used functional",
            "hasTextField": false
          },
          {
            "id": 2,
            "text": "Neither used nor functional",
            "hasTextField": false
          }
        ],
        "subquestions": []
      },
      {
        "id": 55,
        "question": " Laptops, digital tablets",
        "topic": "Infrastructure",
        "subtopic": "Workstation",
        "type": 2,
        "choices": [
          {
            "id": 0,
            "text": "Used",
            "hasTextField": false
          },
          {
            "id": 1,
            "text": "Not used functional",
            "hasTextField": false
          },
          {
            "id": 2,
            "text": "Neither used nor functional",
            "hasTextField": false
          }
        ],
        "subquestions": []
      },
      {
        "id": 56,
        "question": " Small printers (<15kg, potentially used by a household)",
        "topic": "Infrastructure",
        "subtopic": "Workstation",
        "type": 2,
        "choices": [
          {
            "id": 0,
            "text": "Used",
            "hasTextField": false
          },
          {
            "id": 1,
            "text": "Not used functional",
            "hasTextField": false
          },
          {
            "id": 2,
            "text": "Neither used nor functional",
            "hasTextField": false
          }
        ],
        "subquestions": []
      },
      {
        "id": 57,
        "question": " Flat screen monitors",
        "topic": "Infrastructure",
        "subtopic": "Workstation",
        "type": 2,
        "choices": [
          {
            "id": 0,
            "text": "Used",
            "hasTextField": false
          },
          {
            "id": 1,
            "text": "Not used functional",
            "hasTextField": false
          },
          {
            "id": 2,
            "text": "Neither used nor functional",
            "hasTextField": false
          }
        ],
        "subquestions": []
      },
      {
        "id": 58,
        "question": " Other flat screens (TV, projection screen, digital board ",
        "topic": "Infrastructure",
        "subtopic": "Workstation",
        "type": 2,
        "choices": [
          {
            "id": 0,
            "text": "Used",
            "hasTextField": false
          },
          {
            "id": 1,
            "text": "Not used functional",
            "hasTextField": false
          },
          {
            "id": 2,
            "text": "Neither used nor functional",
            "hasTextField": false
          }
        ],
        "subquestions": []
      },
      {
        "id": 59,
        "question": " CRT monitors (monitors or other)",
        "topic": "Infrastructure",
        "subtopic": "Workstation",
        "type": 2,
        "choices": [
          {
            "id": 0,
            "text": "Used",
            "hasTextField": false
          },
          {
            "id": 1,
            "text": "Not used functional",
            "hasTextField": false
          },
          {
            "id": 2,
            "text": "Neither used nor functional",
            "hasTextField": false
          }
        ],
        "subquestions": []
      },
      {
        "id": 60,
        "question": " Video projectors",
        "topic": "Infrastructure",
        "subtopic": "Workstation",
        "type": 2,
        "choices": [
          {
            "id": 0,
            "text": "Used",
            "hasTextField": false
          },
          {
            "id": 1,
            "text": "Not used functional",
            "hasTextField": false
          },
          {
            "id": 2,
            "text": "Neither used nor functional",
            "hasTextField": false
          }
        ],
        "subquestions": []
      },
      {
        "id": 61,
        "question": " Mobile phones",
        "topic": "Infrastructure",
        "subtopic": "Workstation",
        "type": 2,
        "choices": [
          {
            "id": 0,
            "text": "Used",
            "hasTextField": false
          },
          {
            "id": 1,
            "text": "Not used functional",
            "hasTextField": false
          },
          {
            "id": 2,
            "text": "Neither used nor functional",
            "hasTextField": false
          }
        ],
        "subquestions": []
      },
      {
        "id": 62,
        "question": " Fixed telephones (standalone not connected to such a standard)",
        "topic": "Infrastructure",
        "subtopic": "Workstation",
        "type": 2,
        "choices": [
          {
            "id": 0,
            "text": "Used",
            "hasTextField": false
          },
          {
            "id": 1,
            "text": "Not used functional",
            "hasTextField": false
          },
          {
            "id": 2,
            "text": "Neither used nor functional",
            "hasTextField": false
          }
        ],
        "subquestions": []
      },
      {
        "id": 63,
        "question": " Digital cameras",
        "topic": "Infrastructure",
        "subtopic": "Workstation",
        "type": 2,
        "choices": [
          {
            "id": 0,
            "text": "Used",
            "hasTextField": false
          },
          {
            "id": 1,
            "text": "Not used functional",
            "hasTextField": false
          },
          {
            "id": 2,
            "text": "Neither used nor functional",
            "hasTextField": false
          }
        ],
        "subquestions": []
      },
      {
        "id": 64,
        "question": " Hard Disk Devices, Storage, Backup",
        "topic": "Infrastructure",
        "subtopic": "Workstation",
        "type": 2,
        "choices": [
          {
            "id": 0,
            "text": "Used",
            "hasTextField": false
          },
          {
            "id": 1,
            "text": "Not used functional",
            "hasTextField": false
          },
          {
            "id": 2,
            "text": "Neither used nor functional",
            "hasTextField": false
          }
        ],
        "subquestions": []
      }
    ]
  },
  {
    "id": 65,
    "question": " Do you have other devices in your company?",
    "topic": "Infrastructure",
    "subtopic": "Workstation",
    "type": 1,
    "choices": [
      {
        "id": 0,
        "text": "Keyboards, mouse, graphic tablets, scanners, microphones, speakers, office equipment ...",
        "hasTextField": false
      },
      {
        "id": 1,
        "text": "Yes",
        "hasTextField": false
      },
      {
        "id": 2,
        "text": "No",
        "hasTextField": false
      }
    ],
    "subquestions": []
  },
  {
    "id": 66,
    "question": " Regarding other devices, do you have in your company:",
    "topic": "Infrastructure",
    "subtopic": "Workstation",
    "type": 2,
    "choices": [],
    "subquestions": [
      {
        "id": 67,
        "question": "Used: equipment used in the business activity",
        "topic": "Infrastructure",
        "subtopic": "Workstation",
        "type": 2,
        "choices": [
          {
            "id": 0,
            "text": "Used",
            "hasTextField": false
          },
          {
            "id": 1,
            "text": "Not used functional",
            "hasTextField": false
          },
          {
            "id": 2,
            "text": "Neither used nor functional",
            "hasTextField": false
          }
        ],
        "subquestions": []
      },
      {
        "id": 68,
        "question": "Not used functional: equipment in working order but no more used by the company (stored)",
        "topic": "Infrastructure",
        "subtopic": "Workstation",
        "type": 2,
        "choices": [
          {
            "id": 0,
            "text": "Used",
            "hasTextField": false
          },
          {
            "id": 1,
            "text": "Not used functional",
            "hasTextField": false
          },
          {
            "id": 2,
            "text": "Neither used nor functional",
            "hasTextField": false
          }
        ],
        "subquestions": []
      },
      {
        "id": 69,
        "question": "Neither used nor functional: out of service equipment (HS) waiting for end of life treatment",
        "topic": "Infrastructure",
        "subtopic": "Workstation",
        "type": 2,
        "choices": [
          {
            "id": 0,
            "text": "Used",
            "hasTextField": false
          },
          {
            "id": 1,
            "text": "Not used functional",
            "hasTextField": false
          },
          {
            "id": 2,
            "text": "Neither used nor functional",
            "hasTextField": false
          }
        ],
        "subquestions": []
      },
      {
        "id": 70,
        "question": " Keyboards",
        "topic": "Infrastructure",
        "subtopic": "Workstation",
        "type": 2,
        "choices": [
          {
            "id": 0,
            "text": "Used",
            "hasTextField": false
          },
          {
            "id": 1,
            "text": "Not used functional",
            "hasTextField": false
          },
          {
            "id": 2,
            "text": "Neither used nor functional",
            "hasTextField": false
          }
        ],
        "subquestions": []
      },
      {
        "id": 71,
        "question": " Mouse",
        "topic": "Infrastructure",
        "subtopic": "Workstation",
        "type": 2,
        "choices": [
          {
            "id": 0,
            "text": "Used",
            "hasTextField": false
          },
          {
            "id": 1,
            "text": "Not used functional",
            "hasTextField": false
          },
          {
            "id": 2,
            "text": "Neither used nor functional",
            "hasTextField": false
          }
        ],
        "subquestions": []
      },
      {
        "id": 72,
        "question": " Graphic tablets",
        "topic": "Infrastructure",
        "subtopic": "Workstation",
        "type": 2,
        "choices": [
          {
            "id": 0,
            "text": "Used",
            "hasTextField": false
          },
          {
            "id": 1,
            "text": "Not used functional",
            "hasTextField": false
          },
          {
            "id": 2,
            "text": "Neither used nor functional",
            "hasTextField": false
          }
        ],
        "subquestions": []
      },
      {
        "id": 73,
        "question": " Scanners",
        "topic": "Infrastructure",
        "subtopic": "Workstation",
        "type": 2,
        "choices": [
          {
            "id": 0,
            "text": "Used",
            "hasTextField": false
          },
          {
            "id": 1,
            "text": "Not used functional",
            "hasTextField": false
          },
          {
            "id": 2,
            "text": "Neither used nor functional",
            "hasTextField": false
          }
        ],
        "subquestions": []
      },
      {
        "id": 74,
        "question": " Speakers",
        "topic": "Infrastructure",
        "subtopic": "Workstation",
        "type": 2,
        "choices": [
          {
            "id": 0,
            "text": "Used",
            "hasTextField": false
          },
          {
            "id": 1,
            "text": "Not used functional",
            "hasTextField": false
          },
          {
            "id": 2,
            "text": "Neither used nor functional",
            "hasTextField": false
          }
        ],
        "subquestions": []
      },
      {
        "id": 75,
        "question": " Office automation",
        "topic": "Infrastructure",
        "subtopic": "Workstation",
        "type": 2,
        "choices": [
          {
            "id": 0,
            "text": "Used",
            "hasTextField": false
          },
          {
            "id": 1,
            "text": "Not used functional",
            "hasTextField": false
          },
          {
            "id": 2,
            "text": "Neither used nor functional",
            "hasTextField": false
          }
        ],
        "subquestions": []
      }
    ]
  },
  {
    "id": 76,
    "question": " Do you know the consumption of your workstation in kWh per year?",
    "topic": "Energy consumption",
    "subtopic": "",
    "type": 1,
    "choices": [
      {
        "id": 0,
        "text": "Yes (please specify how much in kWh / year) ",
        "hasTextField": true
      },
      {
        "id": 1,
        "text": "No",
        "hasTextField": false
      }
    ],
    "subquestions": []
  },
  {
    "id": 77,
    "question": " Do you track the energy consumption of your compagny activities?",
    "topic": "Energy consumption",
    "subtopic": "",
    "type": 1,
    "choices": [
      {
        "id": 0,
        "text": "Yes",
        "hasTextField": false
      },
      {
        "id": 1,
        "text": "No ",
        "hasTextField": false
      },
      {
        "id": 2,
        "text": "I don't know",
        "hasTextField": false
      }
    ],
    "subquestions": []
  },
  {
    "id": 78,
    "question": " Do you know the share of IT and IT equipment in your company's total energy consumption?",
    "topic": "Energy consumption",
    "subtopic": "",
    "type": 3,
    "choices": [
      {
        "id": 0,
        "text": "Yes (please specify how much in %) ",
        "hasTextField": true
      },
      {
        "id": 1,
        "text": "No",
        "hasTextField": false
      }
    ],
    "subquestions": []
  },
  {
    "id": 79,
    "question": " Have you set up a power management system? (automatic shutdown / shutdown of workstations)",
    "topic": "Energy consumption",
    "subtopic": "",
    "type": 1,
    "choices": [
      {
        "id": 0,
        "text": "Yes",
        "hasTextField": false
      },
      {
        "id": 1,
        "text": "No ",
        "hasTextField": false
      },
      {
        "id": 2,
        "text": "I don't know",
        "hasTextField": false
      }
    ],
    "subquestions": []
  },
  {
    "id": 80,
    "question": " Do you use copiers from a repackaging industry (second-hand / second-hand)?",
    "topic": "Printing",
    "subtopic": "",
    "type": 1,
    "choices": [
      {
        "id": 0,
        "text": "Yes",
        "hasTextField": false
      },
      {
        "id": 1,
        "text": "No ",
        "hasTextField": false
      },
      {
        "id": 2,
        "text": "I don't know",
        "hasTextField": false
      }
    ],
    "subquestions": []
  },
  {
    "id": 81,
    "question": " Do you consolidate individual printers to shared printers?",
    "topic": "Printing",
    "subtopic": "",
    "type": 1,
    "choices": [
      {
        "id": 0,
        "text": "Yes",
        "hasTextField": false
      },
      {
        "id": 1,
        "text": "No ",
        "hasTextField": false
      },
      {
        "id": 2,
        "text": "I don't know",
        "hasTextField": false
      }
    ],
    "subquestions": []
  },
  {
    "id": 82,
    "question": " Have you set up an identification system on printers (to trigger printing)?",
    "topic": "Printing",
    "subtopic": "",
    "type": 1,
    "choices": [
      {
        "id": 0,
        "text": "Yes",
        "hasTextField": false
      },
      {
        "id": 1,
        "text": "No ",
        "hasTextField": false
      },
      {
        "id": 2,
        "text": "I don't know",
        "hasTextField": false
      }
    ],
    "subquestions": []
  },
  {
    "id": 83,
    "question": " What is the average life of your professional copier / MFP *?",
    "topic": "Printing",
    "subtopic": "",
    "type": 3,
    "choices": [
      {
        "id": 0,
        "text": "* MFP Multi Fonction Printer",
        "hasTextField": false
      },
      {
        "id": 1,
        "text": "I do not know",
        "hasTextField": false
      },
      {
        "id": 2,
        "text": "Do not want to answer",
        "hasTextField": false
      },
      {
        "id": 3,
        "text": "\"x years (please specify) ",
        "hasTextField": true
      }
    ],
    "subquestions": []
  },
  {
    "id": 84,
    "question": " Are your printers set by default in eco mode? Especially :",
    "topic": "Printing",
    "subtopic": "",
    "type": 2,
    "choices": [],
    "subquestions": [
      {
        "id": 85,
        "question": " Energy saving (Automatic standby)",
        "topic": "Printing",
        "subtopic": "",
        "type": 2,
        "choices": [
          {
            "id": 0,
            "text": "Yes",
            "hasTextField": false
          },
          {
            "id": 1,
            "text": "No",
            "hasTextField": false
          },
          {
            "id": 2,
            "text": "I don't know",
            "hasTextField": false
          }
        ],
        "subquestions": []
      },
      {
        "id": 86,
        "question": " Black and white by default",
        "topic": "Printing",
        "subtopic": "",
        "type": 2,
        "choices": [
          {
            "id": 0,
            "text": "Yes",
            "hasTextField": false
          },
          {
            "id": 1,
            "text": "No",
            "hasTextField": false
          },
          {
            "id": 2,
            "text": "I don't know",
            "hasTextField": false
          }
        ],
        "subquestions": []
      },
      {
        "id": 87,
        "question": " Default duplex",
        "topic": "Printing",
        "subtopic": "",
        "type": 2,
        "choices": [
          {
            "id": 0,
            "text": "Yes",
            "hasTextField": false
          },
          {
            "id": 1,
            "text": "No",
            "hasTextField": false
          },
          {
            "id": 2,
            "text": "I don't know",
            "hasTextField": false
          }
        ],
        "subquestions": []
      },
      {
        "id": 88,
        "question": " Default draft mode",
        "topic": "Printing",
        "subtopic": "",
        "type": 2,
        "choices": [
          {
            "id": 0,
            "text": "Yes",
            "hasTextField": false
          },
          {
            "id": 1,
            "text": "No",
            "hasTextField": false
          },
          {
            "id": 2,
            "text": "I don't know",
            "hasTextField": false
          }
        ],
        "subquestions": []
      }
    ]
  },
  {
    "id": 89,
    "question": " What is the number of pages printed / day / employee? (A4 equivalent)",
    "topic": "Printing",
    "subtopic": "Consumables",
    "type": 1,
    "choices": [
      {
        "id": 0,
        "text": "Less than 10 ",
        "hasTextField": false
      },
      {
        "id": 1,
        "text": "From 10 to 20 ",
        "hasTextField": false
      },
      {
        "id": 2,
        "text": "From 20 to 30 ",
        "hasTextField": false
      },
      {
        "id": 3,
        "text": "More than 30 ",
        "hasTextField": false
      },
      {
        "id": 4,
        "text": "I don't know",
        "hasTextField": false
      }
    ],
    "subquestions": []
  },
  {
    "id": 90,
    "question": " Can you specify the number of cartridges / toners:",
    "topic": "Printing",
    "subtopic": "Consumables",
    "type": 4,
    "choices": [
      {
        "id": 0,
        "text": "Cartridges used a year ",
        "hasTextField": true
      },
      {
        "id": 1,
        "text": "Cartridges stored in the average business ",
        "hasTextField": true
      },
      {
        "id": 2,
        "text": "Toners used a year ",
        "hasTextField": true
      },
      {
        "id": 3,
        "text": "Toners stored in the average business ",
        "hasTextField": true
      }
    ],
    "subquestions": []
  },
  {
    "id": 91,
    "question": " Do you organize the separate collection of waste cartridges / toners?",
    "topic": "Printing",
    "subtopic": "Consumables",
    "type": 1,
    "choices": [
      {
        "id": 0,
        "text": "Yes, to a repackaging industry",
        "hasTextField": false
      },
      {
        "id": 1,
        "text": "Yes, towards a recycling channel (destruction)",
        "hasTextField": false
      },
      {
        "id": 2,
        "text": "No no separate collection device is planned",
        "hasTextField": false
      }
    ],
    "subquestions": []
  },
  {
    "id": 92,
    "question": " Do you prefer the use of recycled paper?",
    "topic": "Printing",
    "subtopic": "Consumables",
    "type": 2,
    "choices": [
      {
        "id": 0,
        "text": "Yes, our paper is made from virgin paste",
        "hasTextField": false
      },
      {
        "id": 1,
        "text": "Yes, mixed paper",
        "hasTextField": false
      },
      {
        "id": 2,
        "text": "Yes, 100% recycled",
        "hasTextField": false
      },
      {
        "id": 3,
        "text": "I'm not paying attention",
        "hasTextField": false
      }
    ],
    "subquestions": []
  },
  {
    "id": 93,
    "question": " Do you choose certified paper?",
    "topic": "Printing",
    "subtopic": "Consumables",
    "type": 2,
    "choices": [
      {
        "id": 0,
        "text": "Yes, FSC",
        "hasTextField": false
      },
      {
        "id": 1,
        "text": "Yes, PEFC",
        "hasTextField": false
      },
      {
        "id": 2,
        "text": "Yes, Blue Angel",
        "hasTextField": false
      },
      {
        "id": 3,
        "text": "Yes, European Label",
        "hasTextField": false
      },
      {
        "id": 4,
        "text": "Yes, other ",
        "hasTextField": true
      },
      {
        "id": 5,
        "text": "I'm not paying attention",
        "hasTextField": false
      }
    ],
    "subquestions": []
  }
]